part,colour,name,quantity,group,role,assembly steps
50450,Sand Green,"Technic, Axle 32L",6,Daisies,Daisy stem (original 10280 role),1
26287,Dark Green,"Technic, Axle Connector 3L",10,Structure,Hidden socket for a 32L axle (on a printed floor peg),1
50450,Sand Green,"Technic, Axle 32L",4,Structure,Hidden anchor: planter floor to trunk core,1
32054,Black,"Technic, Pin 3L with Friction Ridges and Stop Bush",5,Structure,Branch joint pin (trunk to branch),4
32062,Black,"Technic, Axle 2L Notched",5,Structure,Branch joint anti-twist axle,4
26287,Dark Green,"Technic, Axle Connector 3L",55,Stems,Flower stem (original 10280 role),5
32016,Dark Green,"Technic, Axle and Pin Connector Angled #3 - 157.5 degrees",7,Stems,Stem bend (22.5 deg),5
32062,Red,"Technic, Axle 2L Notched",45,Stems,Hidden joint axle,5
10197,Black,"Technic, Axle and Pin Connector Hub with 2 Perpendicular Axles",2,Aster,Core hub,6
18674,Dark Purple,"Tile, Round 2 x 2 with Open Stud",1,Aster,Centre tile,6
3062,Black,"Brick, Round 1 x 1",4,Aster,Core spacer,6
32062,Red,"Technic, Axle 2L Notched",1,Aster,Head axle,6
32607,Medium Lavender,"Plant Plate, Round 1 x 1 with 3 Layered Leaves",34,Aster,Aster petals (original 10280 role),6
61252,Dark Purple,"Plate, Modified 1 x 1 with Open O Clip",20,Aster,Petal clips (original 10280 role),6
67811,Dark Green,"Vehicle, Steering Wheel with 2 x 2 Center and Axle Hole",1,Aster,Head base,6
68013,Black,Cylinder Half 1 x 2 x 1,2,Aster,Core,6
3021,Dark Green,Plate 2 x 3,3,Ground cover,Bush base,6
3034,Dark Green,Plate 2 x 8,3,Ground cover,Ground-cover leaf,6
32039,Dark Bluish Gray,"Technic, Axle Connector with Axle Hole",4,Ground cover,Bush mount,6
32062,Red,"Technic, Axle 2L Notched",1,Ground cover,Head axle,6
32062,Black,"Technic, Axle 2L Notched",3,Ground cover,Head axle,6
32803,Dark Green,"Slope, Curved 2 x 2 x 2/3 Inverted",1,Ground cover,Bush base,6
32803,Dark Green,"Slope, Curved 2 x 2 x 2/3 Inverted",2,Ground cover,Ground-cover leaf,6
6064,Dark Green,Plant Prickly Bush 2 x 2 x 4,4,Ground cover,Bush (original 10280 role),6
11476,Light Nougat,"Plate, Modified 1 x 2 with Clip on Side",24,Roses,Inner petal,6
3069,Light Nougat,Tile 1 x 2,12,Roses,Inner bud,6
32062,Red,"Technic, Axle 2L Notched",3,Roses,Head axle,6
67811,Dark Green,"Vehicle, Steering Wheel with 2 x 2 Center and Axle Hole",6,Roses,Rose centre (original 10280 role),6
90202,Black,"Technic, Pin Connector Round with 4 Clips",6,Roses,Petal clip hub,6
93604,Light Nougat,Wedge 3 x 4 x 2/3 Triple Curved,12,Roses,Middle petal,6
98088,Dark Green,,3,Roses,Rose leaf (original 10280 role),6
98835,Light Nougat,"Vehicle, Mudguard 3 x 4 x 1 2/3 Curved Front",12,Roses,Outer petal,6
15068,Sand Green,"Slope, Curved 2 x 2 x 2/3",3,Foliage,Leaf,7
15362,Sand Green,"Hero Factory Weapon, Claw Wide Curved",4,Foliage,Curled leaf,7
15712,Sand Green,"Tile, Modified 1 x 1 with Open O Clip",32,Foliage,Leaflet,7
32062,Black,"Technic, Axle 2L Notched",2,Foliage,Head axle,7
45301,Sand Green,Wedge 16 x 4 Triple Curved with Reinforcements,3,Foliage,Large leaf (wedge 16x4),7
64225,Sand Green,Wedge 4 x 3 Triple Curved No Studs,3,Foliage,Leaf,7
90397,Sand Green,"Minifigure, Utensil Surfboard Standard",3,Foliage,Leaf (original 10280 role),7
15712,Reddish Brown,"Tile, Modified 1 x 1 with Open O Clip",4,Lavender,Side stalk clip,7
20482,Pearl Gold,"Tile, Round 1 x 1 with Bar and Small Pin Hole",3,Lavender,Stalk joint,7
20482,Pearl Gold,"Tile, Round 1 x 1 with Bar and Small Pin Hole",1,Lavender,Stalk tip,7
24855,Reddish Brown,"Plant Flower Stem with Bar Holder, Bar, and 3 Stems",18,Lavender,Lavender bunch (original 10280 role),7
24866,Lavender,"Plate, Round 1 x 1 with Flower Edge (5 Petals)",54,Lavender,Lavender florets (original 10280 role),7
24866,Lavender,"Plate, Round 1 x 1 with Flower Edge (5 Petals)",1,Lavender,Top floret,7
30374,Reddish Brown,Bar 4L,12,Lavender,Side stalk,7
32062,Red,"Technic, Axle 2L Notched",3,Lavender,Head axle,7
32607,Pearl Gold,"Plant Plate, Round 1 x 1 with 3 Layered Leaves",9,Lavender,Gold leaf,7
39262,Pearl Gold,"Minifigure, Headgear Crown Eggshell with 5 Points",9,Lavender,Gold calyx,7
63965,Reddish Brown,Bar 6L with Stop Ring,6,Lavender,Lavender stalk,7
11090,Yellow,Bar Holder with Clip,4,Poppies,Stamen,7
11476,Yellow,"Plate, Modified 1 x 2 with Clip on Side",4,Poppies,Centre detail,7
23443,Black,Bar Holder with Handle,8,Poppies,Dark stamens,7
2540,Orange,"Plate, Modified 1 x 2 with Bar Handle on Side - Free Ends",4,Poppies,Petal mount,7
2817,Black,"Plate, Modified 2 x 2 with Pin Holes",3,Poppies,Head base plate,7
3022,Yellow,Plate 2 x 2,1,Poppies,Centre plate,7
32054,Black,"Technic, Pin 3L with Friction Ridges and Stop Bush",1,Poppies,Pin joining the base plates,7
32062,Red,"Technic, Axle 2L Notched",2,Poppies,Head axle,7
50950,Orange,"Slope, Curved 3 x 1",4,Poppies,Petal,7
60478,Black,"Plate, Modified 1 x 2 with Bar Handle on End",4,Poppies,Petal mount,7
64225,Orange,Wedge 4 x 3 Triple Curved No Studs,2,Poppies,Back petal (original 10280 role),7
67329,Yellow,"Brick, Modified 1 x 2 x 1 2/3 with Studs on Side and Ends",2,Poppies,Seed head (original 10280 role),7
93604,Orange,Wedge 3 x 4 x 2/3 Triple Curved,4,Poppies,Petal (original 10280 role),7
15469,Magenta,Plant Leaves 2 x 2 with 4 Petals and Axle Hole,16,Snapdragons,Blossom lip,7
15573,Dark Green,"Plate, Modified 1 x 2 with 1 Stud with Groove and Bottom Stud Holder",6,Snapdragons,Leaf / clip,7
3022,Lime,Plate 2 x 2,6,Snapdragons,Leaf whorl,7
3062,Lime,"Brick, Round 1 x 1",5,Snapdragons,Spike core,7
3062,Lime,"Brick, Round 1 x 1",3,Snapdragons,Green tip buds,7
32062,Red,"Technic, Axle 2L Notched",2,Snapdragons,Head axle,7
3941,Green,"Brick, Round 2 x 2 with Axle Hole",4,Snapdragons,Spike core,7
4032,Green,"Plate, Round 2 x 2 with Axle Hole",3,Snapdragons,Leaf whorl,7
4032,Dark Green,"Plate, Round 2 x 2 with Axle Hole",2,Snapdragons,Leaf whorl,7
4589,Bright Pink,,16,Snapdragons,Bud,7
4589,Sand Green,,2,Snapdragons,Spike tip,7
4733,Lime,"Brick, Modified 1 x 1 with Studs on 4 Sides",3,Snapdragons,Leaf node,7
48336,Green,"Plate, Modified 1 x 2 with Bar Handle on Side - Closed Ends",3,Snapdragons,Leaf / clip,7
49668,Yellowish Green,"Plate, Modified 1 x 1 with Tooth Horizontal",8,Snapdragons,Tip sepals,7
553,Magenta,"Brick, Round 2 x 2 Dome Top",16,Snapdragons,Blossom (original 10280 role),7
60470b,Green,"Plate, Modified 1 x 2 with 2 Open O Clips",3,Snapdragons,Leaf / clip,7
6538b,Lime,,2,Snapdragons,Spike adapter,7
75937,Sand Green,"Plate, Modified 2 x 2 with Bar Frame Octagonal",7,Snapdragons,Blossom whorl (original 10280 role),7
85861,Dark Green,"Plate, Round 1 x 1 with Open Stud",6,Snapdragons,Leaf whorl,7
98100,Dark Pink,Cone 2 x 2 Truncated,16,Snapdragons,Blossom throat,7
14769,Yellow,"Tile, Round 2 x 2 with Bottom Stud Holder",6,Daisies,Yellow disc,8
24866,White,"Plate, Round 1 x 1 with Flower Edge (5 Petals)",3,Daisies,Side bud,8
24866,Green,"Plate, Round 1 x 1 with Flower Edge (5 Petals)",2,Daisies,Green bud on stem,8
2566,Tan,Bar 1.2L with Top Stud and 4 Bar Arms Up,6,Daisies,Daisy centre (original 10280 role),8
35480,White,"Plate, Round 1 x 2 with Open Studs",48,Daisies,Petal (original 10280 role),8
4733,White,"Brick, Modified 1 x 1 with Studs on 4 Sides",3,Daisies,Side bud base,8
47458,Tan,"Slope, Curved 1 x 2 x 2/3 Wing End",12,Daisies,Underside of head,8
49668,White,"Plate, Modified 1 x 1 with Tooth Horizontal",12,Daisies,Petal infill,8
87580,Tan,"Plate, Modified 2 x 2 with Groove and 1 Stud in Center",3,Daisies,Head base,8
98284,Sand Green,"Plate, Round 2 x 2 with Pin Hole and 4 Bar Arms Up",4,Daisies,Green calyx,8
99207,Tan,Bracket 1 x 2 - 2 x 2 Inverted,12,Daisies,Sepal (bracket),8
13564,Reddish Brown,"Cattle Horn, Long",4,Canopy,Curling twig tip,9
23443,Reddish Brown,Bar Holder with Handle,12,Canopy,Twig,9
24122,Reddish Brown,"Technic, Axle Connector Hub with 2 Bar Holders Perpendicular",4,Canopy,Twig,9
32034,Reddish Brown,"Technic, Axle and Pin Connector Angled #2 - 180 degrees",12,Canopy,Twig,9
32062,Black,"Technic, Axle 2L Notched",12,Canopy,Hidden twig joint axle,9
32062,Black,"Technic, Axle 2L Notched",6,Canopy,Twig root axle (into PLA),9
33183,Reddish Brown,Plant Stem with Bar,2,Canopy,Twig tip,9
4519,Light Bluish Gray,"Technic, Axle 3L",9,Canopy,Through-axle carrying two twigs,9
4589,Reddish Brown,,2,Canopy,Twig tip,9
4733,Reddish Brown,"Brick, Modified 1 x 1 with Studs on 4 Sides",12,Canopy,Spur node,9
4733,Reddish Brown,"Brick, Modified 1 x 1 with Studs on 4 Sides",2,Canopy,Blossom node,9
48729b,Reddish Brown,Bar 1L with Clip Mechanical Claw - Cut Edges and Hole on Side,12,Canopy,Twig,9
6538b,Reddish Brown,,20,Canopy,Twig,9
78258,Reddish Brown,Bar 2L with Stop Ring,16,Canopy,Twig,9
85861,Reddish Brown,"Plate, Round 1 x 1 with Open Stud",24,Canopy,Knot,9
89678,Dark Bluish Gray,"Technic, Pin 1/2 with Friction Ridges",12,Canopy,Spur anchor (half pin),9
15470,White,"Plate, Round 1 x 1 with Vertical Swirl / Twist",6,Canopy,Bud (swirl),10
15470,Bright Pink,"Plate, Round 1 x 1 with Vertical Swirl / Twist",6,Canopy,Bud (swirl),10
24855,Reddish Brown,"Plant Flower Stem with Bar Holder, Bar, and 3 Stems",4,Canopy,Blossom spray,10
24866,Dark Pink,"Plate, Round 1 x 1 with Flower Edge (5 Petals)",30,Canopy,Blossom centre,10
24866,Bright Pink,"Plate, Round 1 x 1 with Flower Edge (5 Petals)",22,Canopy,Blossom centre,10
24866,Dark Red,"Plate, Round 1 x 1 with Flower Edge (5 Petals)",22,Canopy,Blossom centre,10
24866,Bright Pink,"Plate, Round 1 x 1 with Flower Edge (5 Petals)",15,Canopy,Small blossom,10
24866,Dark Pink,"Plate, Round 1 x 1 with Flower Edge (5 Petals)",7,Canopy,Small blossom,10
24866,Dark Red,"Plate, Round 1 x 1 with Flower Edge (5 Petals)",4,Canopy,Small blossom,10
32607,Lime,"Plant Plate, Round 1 x 1 with 3 Layered Leaves",32,Canopy,Young leaf,10
39262,White,"Minifigure, Headgear Crown Eggshell with 5 Points and Center Stud",37,Canopy,Blossom petals (crown),10
39262,Bright Pink,"Minifigure, Headgear Crown Eggshell with 5 Points and Center Stud",37,Canopy,Blossom petals (crown),10
65578,Dark Red,Bar 1L with Angled Hollow Stud,44,Canopy,Stamen / flower stalk (original 40725 role),10
68211,Reddish Brown,Plant Flower Stem with Bar and 3 Stems Short,12,Canopy,Blossom spray (original 40725 role),10
